Month,Sales_Target,Profit_Target
2025-01-01,9000000.0,1500000.0
2025-02-01,9450000.0,1600000.0
2025-03-01,9900000.0,1700000.0
2025-04-01,10350000.0,1800000.0
2025-05-01,10800000.0,1900000.0
2025-06-01,11250000.0,2000000.0
2025-07-01,11700000.0,2100000.0
2025-08-01,12150000.0,2200000.0
2025-09-01,12600000.0,2300000.0
2025-10-01,13050000.0,2400000.0
2025-11-01,13500000.0,2500000.0
2025-12-01,13950000.0,2600000.0
2026-01-01,14400000.0,2700000.0
2026-02-01,14850000.0,2800000.0
2026-03-01,15300000.0,2900000.0
2026-04-01,15750000.0,3000000.0
2026-05-01,16200000.0,3100000.0
2026-06-01,16650000.0,3200000.0
2026-07-01,17100000.0,3300000.0
2026-08-01,17550000.0,3400000.0
2026-09-01,18000000.0,3500000.0
